title,category,county,address,address2,zip,address_full
A & A Transmission,Auto Parts,City of St Louis,6900 Morgan Ford Rd,"St Louis, MO 63116",63116,"6900 Morgan Ford Rd, St Louis, MO 63116"
A & Q Custom Wheels & Tires,Auto Parts,City of St Louis,4036 S Grand Blvd,"St Louis, MO 63118",63118,"4036 S Grand Blvd, St Louis, MO 63118"
A Plus Auto Care,Auto Parts,City of St Louis,4548 Gravois Ave,"St Louis, MO 63116",63116,"4548 Gravois Ave, St Louis, MO 63116"
Advance Auto Parts,Auto Parts,City of St Louis,3510 Gravois Ave,"St Louis, MO 63118",63118,"3510 Gravois Ave, St Louis, MO 63118"
Advance Auto Parts,Auto Parts,City of St Louis,6216 Morgan Ford Rd,"St Louis, MO 63116",63116,"6216 Morgan Ford Rd, St Louis, MO 63116"
AutoZone,Auto Parts,City of St Louis,3230 Gravois Ave,"St Louis, MO 63118",63118,"3230 Gravois Ave, St Louis, MO 63118"
Broadway Truck Centers,Auto Parts,City of St Louis,1501 S 7th St,"St Louis, MO 63104",63104,"1501 S 7th St, St Louis, MO 63104"
CARQUEST,Auto Parts,City of St Louis,4385 Bates St,"St Louis, MO 63116",63116,"4385 Bates St, St Louis, MO 63116"
Century Tire & Auto Service,Auto Parts,City of St Louis,4701 Gravois Ave,"St Louis, MO 63116",63116,"4701 Gravois Ave, St Louis, MO 63116"
Don's Muffler Clinic,Auto Parts,City of St Louis,2923 Cherokee St,"St Louis, MO 63118",63118,"2923 Cherokee St, St Louis, MO 63118"
Dudic Tires & Custom Wheels,Auto Parts,City of St Louis,6240 Gravois Ave,"St Louis, MO 63116",63116,"6240 Gravois Ave, St Louis, MO 63116"
E&M Motorcycle Parts,Auto Parts,City of St Louis,2218 S Jefferson Ave,"St Louis, MO 63104",63104,"2218 S Jefferson Ave, St Louis, MO 63104"
Gravois Auto Radiator,Auto Parts,City of St Louis,4040 Gravois Ave,"St Louis, MO 63116",63116,"4040 Gravois Ave, St Louis, MO 63116"
Gravois Auto Tops & SEAT Cover,Auto Parts,City of St Louis,4017 Gravois Ave,"St Louis, MO 63116",63116,"4017 Gravois Ave, St Louis, MO 63116"
Hohmeier Auto Body,Auto Parts,City of St Louis,4411 Eichelberger St,"St Louis, MO 63116",63116,"4411 Eichelberger St, St Louis, MO 63116"
Imperial Tire & Automotive,Auto Parts,City of St Louis,3637 S Broadway S,"St Louis, MO 63118",63118,"3637 S Broadway S, St Louis, MO 63118"
J Audio,Auto Parts,City of St Louis,2711 Cherokee St,"St Louis, MO 63118",63118,"2711 Cherokee St, St Louis, MO 63118"
Jefferson-Gravois Tire Co,Auto Parts,City of St Louis,2511 S Jefferson Ave,"St Louis, MO 63104",63104,"2511 S Jefferson Ave, St Louis, MO 63104"
Jerry's Precision Auto Care,Auto Parts,City of St Louis,3325 Lemp Ave,"St Louis, MO 63118",63118,"3325 Lemp Ave, St Louis, MO 63118"
Kranz Body Co,Auto Parts,City of St Louis,300 Russell Blvd,"St Louis, MO 63104",63104,"300 Russell Blvd, St Louis, MO 63104"
Lanning International,Auto Parts,City of St Louis,3850 S Broadway,"St Louis, MO 63118",63118,"3850 S Broadway, St Louis, MO 63118"
Master's Auto Glass,Auto Parts,City of St Louis,3407 S Jefferson Ave,"St Louis, MO 63118",63118,"3407 S Jefferson Ave, St Louis, MO 63118"
Mike's Transmission & Auto Service,Auto Parts,City of St Louis,2236 Gravois Ave,"St Louis, MO 63104",63104,"2236 Gravois Ave, St Louis, MO 63104"
MM Performance,Auto Parts,City of St Louis,Charless St,"St Louis, MO 63104",63104,"Charless St, St Louis, MO 63104"
Mobile Power and Hyrdr,Auto Parts,City of St Louis,1534 S Broadway,"St Louis, MO 63104",63104,"1534 S Broadway, St Louis, MO 63104"
Plaza Fleet Parts,Auto Parts,City of St Louis,311 Marion St,"St Louis, MO 63104",63104,"311 Marion St, St Louis, MO 63104"
Sal's Auto Care & Detail,Auto Parts,City of St Louis,4474 Chippewa St,"St Louis, MO 63116",63116,"4474 Chippewa St, St Louis, MO 63116"
Scent's Ability,Auto Parts,City of St Louis,1127 Hickory St,"St Louis, MO 63104",63104,"1127 Hickory St, St Louis, MO 63104"
Southside City Speed Shop,Auto Parts,City of St Louis,5616 Gravois Ave,"St Louis, MO 63116",63116,"5616 Gravois Ave, St Louis, MO 63116"
Speed and Sound,Auto Parts,City of St Louis,5032 S 38th St,"St Louis, MO 63116",63116,"5032 S 38th St, St Louis, MO 63116"
St Louis Auto Body,Auto Parts,City of St Louis,4108 Beck Ave,"St Louis, MO 63116",63116,"4108 Beck Ave, St Louis, MO 63116"
St Louis Auto Parts Co.,Auto Parts,City of St Louis,3400 Gravois Ave,"St Louis, MO 63118",63118,"3400 Gravois Ave, St Louis, MO 63118"
Wagner Transmission & Auto Repair,Auto Parts,City of St Louis,6230 Gravois Ave,"St Louis, MO 63116",63116,"6230 Gravois Ave, St Louis, MO 63116"
Zeman Tires & Custom Wheels,Auto Parts,City of St Louis,4179 Meramec St,"St Louis, MO 63116",63116,"4179 Meramec St, St Louis, MO 63116"
A & A Beauty Supply,Hair and Beauty,City of St Louis,2614 S Jefferson Ave,"St Louis, MO 63118",63118,"2614 S Jefferson Ave, St Louis, MO 63118"
A Nails and Spa,Hair and Beauty,City of St Louis,4006 Gravois Ave,"St Louis, MO 63116",63116,"4006 Gravois Ave, St Louis, MO 63116"
Acosta Hair Design,Hair and Beauty,City of St Louis,1901 Park Ave,"St Louis, MO 63104",63104,"1901 Park Ave, St Louis, MO 63104"
After Experience,Hair and Beauty,City of St Louis,3139 S Grand Blvd,"St Louis, MO 63118",63118,"3139 S Grand Blvd, St Louis, MO 63118"
Akassi Kakre,Hair and Beauty,City of St Louis,3340 S Grand Blvd,"St Louis, MO 63118",63118,"3340 S Grand Blvd, St Louis, MO 63118"
Arch Nemesis Tattoo & Piercing Shop,Hair and Beauty,City of St Louis,2909 S Jefferson Ave,"St Louis, MO 63118",63118,"2909 S Jefferson Ave, St Louis, MO 63118"
Barber Shop,Hair and Beauty,City of St Louis,2820 Cherokee St,"St Louis, MO 63118",63118,"2820 Cherokee St, St Louis, MO 63118"
Bathe Heaven S,Hair and Beauty,City of St Louis,2901 Cherokee St,"St Louis, MO 63118",63118,"2901 Cherokee St, St Louis, MO 63118"
Beauty Queen,Hair and Beauty,City of St Louis,3943 S Grand Blvd,"St Louis, MO 63118",63118,"3943 S Grand Blvd, St Louis, MO 63118"
Beauty Shop Dina,Hair and Beauty,City of St Louis,4646 Gravois Ave,"St Louis, MO 63116",63116,"4646 Gravois Ave, St Louis, MO 63116"
Blissoma Botanical Beauty,Hair and Beauty,City of St Louis,2730 Lasalle St,"St Louis, MO 63104",63104,"2730 Lasalle St, St Louis, MO 63104"
Brambleroots,Hair and Beauty,City of St Louis,2615 Winnebago St,"St Louis, MO 63118",63118,"2615 Winnebago St, St Louis, MO 63118"
Caitlin Sheridan Makeup Artistry,Hair and Beauty,City of St Louis,Geyer Ave,"St Louis, MO 63104",63104,"Geyer Ave, St Louis, MO 63104"
Catrachos Unisex Cutz,Hair and Beauty,City of St Louis,3027 Cherokee St,"St Louis, MO 63118",63118,"3027 Cherokee St, St Louis, MO 63118"
Cheaptrx,Hair and Beauty,City of St Louis,3209 S Grand Blvd,"St Louis, MO 63118",63118,"3209 S Grand Blvd, St Louis, MO 63118"
Cherokee Kuts,Hair and Beauty,City of St Louis,2901 Cherokee St,"St Louis, MO 63118",63118,"2901 Cherokee St, St Louis, MO 63118"
Chido Stylez,Hair and Beauty,City of St Louis,2820 Cherokee St,"St Louis, MO 63118",63118,"2820 Cherokee St, St Louis, MO 63118"
Christopher Flynn,Hair and Beauty,City of St Louis,1920 Park Ave,"St Louis, MO 63104",63104,"1920 Park Ave, St Louis, MO 63104"
Cisse's African Hair Braiding Salon,Hair and Beauty,City of St Louis,4412 Chippewa St,"St Louis, MO 63116",63116,"4412 Chippewa St, St Louis, MO 63116"
Cla Che Beauty Salon,Hair and Beauty,City of St Louis,3728 Gravois Ave,"St Louis, MO 63116",63116,"3728 Gravois Ave, St Louis, MO 63116"
Clippers & Shears,Hair and Beauty,City of St Louis,2315 Cherokee St,"St Louis, MO 63118",63118,"2315 Cherokee St, St Louis, MO 63118"
Creations in Styles,Hair and Beauty,City of St Louis,2701 Russell Blvd,"St Louis, MO 63104",63104,"2701 Russell Blvd, St Louis, MO 63104"
Creative Lines,Hair and Beauty,City of St Louis,2258 S Compton Ave,"St Louis, MO 63104",63104,"2258 S Compton Ave, St Louis, MO 63104"
Cuts by Kurtis,Hair and Beauty,City of St Louis,3328 Chippewa St,"St Louis, MO 63118",63118,"3328 Chippewa St, St Louis, MO 63118"
David's Design Salon,Hair and Beauty,City of St Louis,2233 S Grand Blvd,"St Louis, MO 63118",63118,"2233 S Grand Blvd, St Louis, MO 63118"
Drew Henry Salon & Gallery,Hair and Beauty,City of St Louis,2309 Cherokee St,"St Louis, MO 63118",63118,"2309 Cherokee St, St Louis, MO 63118"
El Barber and Beauty,Hair and Beauty,City of St Louis,2304 S Jefferson Ave,"St Louis, MO 63104",63104,"2304 S Jefferson Ave, St Louis, MO 63104"
Family Hair Etc,Hair and Beauty,City of St Louis,1019 S Broadway,"St Louis, MO 63104",63104,"1019 S Broadway, St Louis, MO 63104"
Famous Nails,Hair and Beauty,City of St Louis,6802 Gravois Ave,"St Louis, MO 63116",63116,"6802 Gravois Ave, St Louis, MO 63116"
FDB Hair Unlimited,Hair and Beauty,City of St Louis,2610 St Vincent Ave,"St Louis, MO 63104",63104,"2610 St Vincent Ave, St Louis, MO 63104"
First Impressions Full Service Salon,Hair and Beauty,City of St Louis,6821 Gravois Ave,"St Louis, MO 63116",63116,"6821 Gravois Ave, St Louis, MO 63116"
García Enterprise,Hair and Beauty,City of St Louis,4341 Chippewa St,"St Louis, MO 63116",63116,"4341 Chippewa St, St Louis, MO 63116"
George's Hair Studio,Hair and Beauty,City of St Louis,3030 S Jefferson Ave,"St Louis, MO 63118",63118,"3030 S Jefferson Ave, St Louis, MO 63118"
Great Clips,Hair and Beauty,City of St Louis,3120 S Grand Blvd,"St Louis, MO 63118",63118,"3120 S Grand Blvd, St Louis, MO 63118"
Great Clips,Hair and Beauty,City of St Louis,6404 Gravois Ave,"St Louis, MO 63116",63116,"6404 Gravois Ave, St Louis, MO 63116"
Hair by Tina,Hair and Beauty,City of St Louis,4434 S 38th St,"St Louis, MO 63116",63116,"4434 S 38th St, St Louis, MO 63116"
Hair Factor,Hair and Beauty,City of St Louis,2854 Lafayette Ave,"St Louis, MO 63104",63104,"2854 Lafayette Ave, St Louis, MO 63104"
Hair Fetish,Hair and Beauty,City of St Louis,1615 S 9th St,"St Louis, MO 63104",63104,"1615 S 9th St, St Louis, MO 63104"
Hollywood Beauty,Hair and Beauty,City of St Louis,3562 Gustine Ave,"St Louis, MO 63116",63116,"3562 Gustine Ave, St Louis, MO 63116"
I and I Incense and Soap Gallery,Hair and Beauty,City of St Louis,730 Carroll St,"St Louis, MO 63104",63104,"730 Carroll St, St Louis, MO 63104"
Infinity Hair Design,Hair and Beauty,City of St Louis,5216 Gravois Ave,"St Louis, MO 63116",63116,"5216 Gravois Ave, St Louis, MO 63116"
J 3 Studio,Hair and Beauty,City of St Louis,1107 Mississippi Ave,"St Louis, MO 63104",63104,"1107 Mississippi Ave, St Louis, MO 63104"
J Arthur's Salon,Hair and Beauty,City of St Louis,1920 Park Ave,"St Louis, MO 63104",63104,"1920 Park Ave, St Louis, MO 63104"
J Limited Nails,Hair and Beauty,City of St Louis,3952 S Grand Blvd,"St Louis, MO 63118",63118,"3952 S Grand Blvd, St Louis, MO 63118"
JB Beauty Supply,Hair and Beauty,City of St Louis,3710 S Grand Blvd,"St Louis, MO 63118",63118,"3710 S Grand Blvd, St Louis, MO 63118"
Joshua Goo,Hair and Beauty,City of St Louis,1328 Shenandoah Ave,"St Louis, MO 63104",63104,"1328 Shenandoah Ave, St Louis, MO 63104"
Just for Skin,Hair and Beauty,City of St Louis,S 7th St,"St Louis, MO 63104",63104,"S 7th St, St Louis, MO 63104"
Kim's Beauty Salon,Hair and Beauty,City of St Louis,3220 S Grand Blvd,"St Louis, MO 63118",63118,"3220 S Grand Blvd, St Louis, MO 63118"
Kinh do Nails & Hair Design,Hair and Beauty,City of St Louis,3454 Gravois Ave,"St Louis, MO 63118",63118,"3454 Gravois Ave, St Louis, MO 63118"
Kuts by Kurtis,Hair and Beauty,City of St Louis,3328 Chippewa St,"St Louis, MO 63118",63118,"3328 Chippewa St, St Louis, MO 63118"
Kuts Kurl Up & Dye Hair & Nail Salon,Hair and Beauty,City of St Louis,2204 S Jefferson Ave,"St Louis, MO 63104",63104,"2204 S Jefferson Ave, St Louis, MO 63104"
La Foi Luxe Beauty Supply,Hair and Beauty,City of St Louis,1700 S Tucker Blvd,"St Louis, MO 63104",63104,"1700 S Tucker Blvd, St Louis, MO 63104"
Lash in Luxury,Hair and Beauty,City of St Louis,2900 Cherokee St,"St Louis, MO 63118",63118,"2900 Cherokee St, St Louis, MO 63118"
Latina J Salon,Hair and Beauty,City of St Louis,3027 Cherokee St,"St Louis, MO 63118",63118,"3027 Cherokee St, St Louis, MO 63118"
Latino's Beauty,Hair and Beauty,City of St Louis,2818 Cherokee St,"St Louis, MO 63118",63118,"2818 Cherokee St, St Louis, MO 63118"
Lena Nails,Hair and Beauty,City of St Louis,3708 S Grand Blvd,"St Louis, MO 63118",63118,"3708 S Grand Blvd, St Louis, MO 63118"
Level 10 Salon,Hair and Beauty,City of St Louis,1915 S 12th St,"St Louis, MO 63104",63104,"1915 S 12th St, St Louis, MO 63104"
Looking Glass Designs,Hair and Beauty,City of St Louis,1917 Park Ave,"St Louis, MO 63104",63104,"1917 Park Ave, St Louis, MO 63104"
Maine Street Salon,Hair and Beauty,City of St Louis,2527 S Jefferson Ave,"St Louis, MO 63104",63104,"2527 S Jefferson Ave, St Louis, MO 63104"
Mama African Hair Braiding,Hair and Beauty,City of St Louis,3456 Gravois Ave,"St Louis, MO 63118",63118,"3456 Gravois Ave, St Louis, MO 63118"
Master G's Styling Studio,Hair and Beauty,City of St Louis,1618 S Jefferson Ave,"St Louis, MO 63104",63104,"1618 S Jefferson Ave, St Louis, MO 63104"
Mecca Hair Studio,Hair and Beauty,City of St Louis,3724 Gravois Ave,"St Louis, MO 63116",63116,"3724 Gravois Ave, St Louis, MO 63116"
Medusa's,Hair and Beauty,City of St Louis,2015 Menard St,"St Louis, MO 63104",63104,"2015 Menard St, St Louis, MO 63104"
Medusa's Studio & Salon,Hair and Beauty,City of St Louis,2501 S 12th St,"St Louis, MO 63104",63104,"2501 S 12th St, St Louis, MO 63104"
Mimi Salon,Hair and Beauty,City of St Louis,2101 S Grand Blvd,"St Louis, MO 63118",63118,"2101 S Grand Blvd, St Louis, MO 63118"
Mitchell Jams,Hair and Beauty,City of St Louis,1323 Lami St,"St Louis, MO 63104",63104,"1323 Lami St, St Louis, MO 63104"
Mo Styling314,Hair and Beauty,City of St Louis,6821 Gravois Ave,"St Louis, MO 63116",63116,"6821 Gravois Ave, St Louis, MO 63116"
Moore Naturall,Hair and Beauty,City of St Louis,2701 Russell Blvd,"St Louis, MO 63104",63104,"2701 Russell Blvd, St Louis, MO 63104"
Morgan Ford Massage & Spa,Hair and Beauty,City of St Louis,3187 Morgan Ford Rd,"St Louis, MO 63116",63116,"3187 Morgan Ford Rd, St Louis, MO 63116"
Morgan Ford Massage and Spa,Hair and Beauty,City of St Louis,2027 S 11th St,"St Louis, MO 63104",63104,"2027 S 11th St, St Louis, MO 63104"
Mya Nail,Hair and Beauty,City of St Louis,3524 Gravois Ave,"St Louis, MO 63118",63118,"3524 Gravois Ave, St Louis, MO 63118"
Nail Time,Hair and Beauty,City of St Louis,3826 Gravois Ave,"St Louis, MO 63116",63116,"3826 Gravois Ave, St Louis, MO 63116"
Nails 2000,Hair and Beauty,City of St Louis,3409 S Jefferson Ave,"St Louis, MO 63118",63118,"3409 S Jefferson Ave, St Louis, MO 63118"
Nene's Gorgeous Lashes,Hair and Beauty,City of St Louis,3115 S Grand Blvd,"St Louis, MO 63118",63118,"3115 S Grand Blvd, St Louis, MO 63118"
Off Broadway Barber & Beauty Salon,Hair and Beauty,City of St Louis,4022 S Broadway,"St Louis, MO 63118",63118,"4022 S Broadway, St Louis, MO 63118"
Paradise Braids,Hair and Beauty,City of St Louis,Texas Ave,"St Louis, MO 63118",63118,"Texas Ave, St Louis, MO 63118"
Platinum Shears Unisex Salon,Hair and Beauty,City of St Louis,6802 Gravois Ave,"St Louis, MO 63116",63116,"6802 Gravois Ave, St Louis, MO 63116"
Pretty Peach Hair Suite,Hair and Beauty,City of St Louis,3613 Meramec St,"St Louis, MO 63116",63116,"3613 Meramec St, St Louis, MO 63116"
Professional Cuts & Styles,Hair and Beauty,City of St Louis,3195 Morganford Rd,"St Louis, MO 63116",63116,"3195 Morganford Rd, St Louis, MO 63116"
Pure Artisan Soap,Hair and Beauty,City of St Louis,4011 McDonald Ave,"St Louis, MO 63116",63116,"4011 McDonald Ave, St Louis, MO 63116"
Ragsdale Beauty Shop,Hair and Beauty,City of St Louis,6909 Gravois Ave,"St Louis, MO 63116",63116,"6909 Gravois Ave, St Louis, MO 63116"
Rance John Styles & Barbering,Hair and Beauty,City of St Louis,2909 S Jefferson Ave,"St Louis, MO 63118",63118,"2909 S Jefferson Ave, St Louis, MO 63118"
Retro 101,Hair and Beauty,City of St Louis,2303 Cherokee St,"St Louis, MO 63118",63118,"2303 Cherokee St, St Louis, MO 63118"
Rocio Beauty Pixels,Hair and Beauty,City of St Louis,S 11th St,"St Louis, MO 63104",63104,"S 11th St, St Louis, MO 63104"
Rockin Redhead,Hair and Beauty,City of St Louis,1960 Cherokee St,"St Louis, MO 63118",63118,"1960 Cherokee St, St Louis, MO 63118"
Root Worker,Hair and Beauty,City of St Louis,1801 Lafayette Ave,"St Louis, MO 63104",63104,"1801 Lafayette Ave, St Louis, MO 63104"
Sabou's African Hair Braiding,Hair and Beauty,City of St Louis,3802 Gravois Ave,"St Louis, MO 63116",63116,"3802 Gravois Ave, St Louis, MO 63116"
Sally Beauty Supply,Hair and Beauty,City of St Louis,3527 Bamberger Ave,"St Louis, MO 63116",63116,"3527 Bamberger Ave, St Louis, MO 63116"
Sally Beauty Supply #0424,Hair and Beauty,City of St Louis,3815 Gravois Ave,"St Louis, MO 63116",63116,"3815 Gravois Ave, St Louis, MO 63116"
Salon M,Hair and Beauty,City of St Louis,1901 Park Ave,"St Louis, MO 63104",63104,"1901 Park Ave, St Louis, MO 63104"
Salon One Six One,Hair and Beauty,City of St Louis,2758 Lafayette Ave,"St Louis, MO 63104",63104,"2758 Lafayette Ave, St Louis, MO 63104"
Salon Shenanigans,Hair and Beauty,City of St Louis,4729 Morganford Rd,"St Louis, MO 63116",63116,"4729 Morganford Rd, St Louis, MO 63116"
Salon St Louis,Hair and Beauty,City of St Louis,3012 S Grand Blvd,"St Louis, MO 63118",63118,"3012 S Grand Blvd, St Louis, MO 63118"
Sharia's Reflection of Styles,Hair and Beauty,City of St Louis,2854 Lafayette Ave,"St Louis, MO 63104",63104,"2854 Lafayette Ave, St Louis, MO 63104"
Shavemster,Hair and Beauty,City of St Louis,Allen Ave,"St Louis, MO 63104",63104,"Allen Ave, St Louis, MO 63104"
Skin by April,Hair and Beauty,City of St Louis,1918 Pestalozzi St,"St Louis, MO 63118",63118,"1918 Pestalozzi St, St Louis, MO 63118"
Skin Cabinet,Hair and Beauty,City of St Louis,3002 S Jefferson Ave,"St Louis, MO 63118",63118,"3002 S Jefferson Ave, St Louis, MO 63118"
Slam Town Barber & Beauty Salon,Hair and Beauty,City of St Louis,4533 Gravois Ave,"St Louis, MO 63116",63116,"4533 Gravois Ave, St Louis, MO 63116"
Soulard Barber Shop,Hair and Beauty,City of St Louis,1809 S 7th St,"St Louis, MO 63104",63104,"1809 S 7th St, St Louis, MO 63104"
Sports Nails and Hair,Hair and Beauty,City of St Louis,4168 Oleatha Ave,"St Louis, MO 63116",63116,"4168 Oleatha Ave, St Louis, MO 63116"
Studio Nails & Spa,Hair and Beauty,City of St Louis,3348 S Grand Blvd,"St Louis, MO 63118",63118,"3348 S Grand Blvd, St Louis, MO 63118"
Studio Napoli,Hair and Beauty,City of St Louis,914 Russell Blvd,"St Louis, MO 63104",63104,"914 Russell Blvd, St Louis, MO 63104"
Styles 4 U Salon,Hair and Beauty,City of St Louis,4550 Gravois Ave,"St Louis, MO 63116",63116,"4550 Gravois Ave, St Louis, MO 63116"
Sudsy Soapery,Hair and Beauty,City of St Louis,730 Carroll St,"St Louis, MO 63104",63104,"730 Carroll St, St Louis, MO 63104"
Sweet Shears,Hair and Beauty,City of St Louis,2640 Cherokee St,"St Louis, MO 63118",63118,"2640 Cherokee St, St Louis, MO 63118"
T and K Nails Spa,Hair and Beauty,City of St Louis,4600 Chippewa St,"St Louis, MO 63116",63116,"4600 Chippewa St, St Louis, MO 63116"
Tan Beauty World,Hair and Beauty,City of St Louis,4455 Chippewa St,"St Louis, MO 63116",63116,"4455 Chippewa St, St Louis, MO 63116"
Tanya's Hair Design,Hair and Beauty,City of St Louis,4167 Loughborough Ave,"St Louis, MO 63116",63116,"4167 Loughborough Ave, St Louis, MO 63116"
Thana Thao Hair Design,Hair and Beauty,City of St Louis,4039 Gravois Ave,"St Louis, MO 63116",63116,"4039 Gravois Ave, St Louis, MO 63116"
Thea's Day Spa,Hair and Beauty,City of St Louis,4630 Gravois Ave,"St Louis, MO 63116",63116,"4630 Gravois Ave, St Louis, MO 63116"
Tina's Nails,Hair and Beauty,City of St Louis,1323 S Jefferson Ave,"St Louis, MO 63104",63104,"1323 S Jefferson Ave, St Louis, MO 63104"
Toni B Salon,Hair and Beauty,City of St Louis,2300 S Grand Blvd,"St Louis, MO 63104",63104,"2300 S Grand Blvd, St Louis, MO 63104"
Touba Mbacke African Shop,Hair and Beauty,City of St Louis,2627 Cherokee St,"St Louis, MO 63118",63118,"2627 Cherokee St, St Louis, MO 63118"
Tricia at Salon de Lis,Hair and Beauty,City of St Louis,2100 S 9th St,"St Louis, MO 63104",63104,"2100 S 9th St, St Louis, MO 63104"
Twist Salon,Hair and Beauty,City of St Louis,2003 Cherokee St,"St Louis, MO 63118",63118,"2003 Cherokee St, St Louis, MO 63118"
Twists Locs and Coils,Hair and Beauty,City of St Louis,3000 Wyoming St,"St Louis, MO 63118",63118,"3000 Wyoming St, St Louis, MO 63118"
Union Barbershop,Hair and Beauty,City of St Louis,1264 Gravois Ave,"St Louis, MO 63104",63104,"1264 Gravois Ave, St Louis, MO 63104"
Verve,Hair and Beauty,City of St Louis,3237 Morgan Ford Rd,"St Louis, MO 63116",63116,"3237 Morgan Ford Rd, St Louis, MO 63116"
Victor's Hair Salon,Hair and Beauty,City of St Louis,3225 S Grand Blvd,"St Louis, MO 63118",63118,"3225 S Grand Blvd, St Louis, MO 63118"
Wyoming Barber Shop,Hair and Beauty,City of St Louis,3192 S Grand Blvd,"St Louis, MO 63118",63118,"3192 S Grand Blvd, St Louis, MO 63118"
Xo Chic Collections,Hair and Beauty,City of St Louis,3198 S Grand Blvd,"St Louis, MO 63118",63118,"3198 S Grand Blvd, St Louis, MO 63118"
Yams Barber & Beauty,Hair and Beauty,City of St Louis,1200 S Jefferson Ave,"St Louis, MO 63104",63104,"1200 S Jefferson Ave, St Louis, MO 63104"
Zephyr Bar + Salon,Hair and Beauty,City of St Louis,1924 Pestalozzi St,"St Louis, MO 63118",63118,"1924 Pestalozzi St, St Louis, MO 63118"
Abbco Service Corporation,Laundry,City of St Louis,2125 Gravois Ave,"St Louis, MO 63104",63104,"2125 Gravois Ave, St Louis, MO 63104"
Alexander Reed Cleaners,Laundry,City of St Louis,3850 Gravois Ave,"St Louis, MO 63116",63116,"3850 Gravois Ave, St Louis, MO 63116"
Chem-Dry,Laundry,City of St Louis,6820 Gravois Ave,"St Louis, MO 63116",63116,"6820 Gravois Ave, St Louis, MO 63116"
Clean Uniform,Laundry,City of St Louis,1316 S 7th St,"St Louis, MO 63104",63104,"1316 S 7th St, St Louis, MO 63104"
Coin Operated Laundromat,Laundry,City of St Louis,3950 S Broadway,"St Louis, MO 63118",63118,"3950 S Broadway, St Louis, MO 63118"
Cri Properties-Bat,Laundry,City of St Louis,3649 Bates St,"St Louis, MO 63116",63116,"3649 Bates St, St Louis, MO 63116"
Cri Properties-Keo,Laundry,City of St Louis,4020 Keokuk St,"St Louis, MO 63116",63116,"4020 Keokuk St, St Louis, MO 63116"
Demay Furs,Laundry,City of St Louis,2020 Cherokee St,"St Louis, MO 63118",63118,"2020 Cherokee St, St Louis, MO 63118"
Faultless Healthcare Linen,Laundry,City of St Louis,2030 S Broadway,"St Louis, MO 63104",63104,"2030 S Broadway, St Louis, MO 63104"
First Quality Dry Cleaners,Laundry,City of St Louis,1817 Park Ave,"St Louis, MO 63104",63104,"1817 Park Ave, St Louis, MO 63104"
Frontenac Cleaners West End,Laundry,City of St Louis,1937 Park Ave,"St Louis, MO 63104",63104,"1937 Park Ave, St Louis, MO 63104"
Guys Good Carpet Cleaning,Laundry,City of St Louis,3830 Illinois Ave,"St Louis, MO 63118",63118,"3830 Illinois Ave, St Louis, MO 63118"
Hoppys 3558 Grand,Laundry,City of St Louis,3558 S Grand Blvd,"St Louis, MO 63118",63118,"3558 S Grand Blvd, St Louis, MO 63118"
Ideal Cleaning,Laundry,City of St Louis,4670 Tesson St,"St Louis, MO 63116",63116,"4670 Tesson St, St Louis, MO 63116"
Komro Supply,Laundry,City of St Louis,2600 S 2nd St,"St Louis, MO 63118",63118,"2600 S 2nd St, St Louis, MO 63118"
Luxury Carpet Care,Laundry,City of St Louis,3746 S Spring Ave,"St Louis, MO 63116",63116,"3746 S Spring Ave, St Louis, MO 63116"
Michelle Lee Designs and Alterations at Orpheum Cleaners,Laundry,City of St Louis,3199 S Grand Blvd,"St Louis, MO 63118",63118,"3199 S Grand Blvd, St Louis, MO 63118"
Miller's Cleaners,Laundry,City of St Louis,1120 Sidney St,"St Louis, MO 63104",63104,"1120 Sidney St, St Louis, MO 63104"
Millers Cleaners,Laundry,City of St Louis,112 Sidney St,"St Louis, MO 63104",63104,"112 Sidney St, St Louis, MO 63104"
Millers Cleaners,Laundry,City of St Louis,2241 Gravois Ave,"St Louis, MO 63104",63104,"2241 Gravois Ave, St Louis, MO 63104"
Orpheum Cleaners,Laundry,City of St Louis,3199 S Grand Blvd,"St Louis, MO 63118",63118,"3199 S Grand Blvd, St Louis, MO 63118"
Patriot Commercial Cleaning,Laundry,City of St Louis,4325 Robert Ave,"St Louis, MO 63116",63116,"4325 Robert Ave, St Louis, MO 63116"
Pride Cleaning and Restoration,Laundry,City of St Louis,2437 Lemp Ave,"St Louis, MO 63104",63104,"2437 Lemp Ave, St Louis, MO 63104"
R & M Laundry,Laundry,City of St Louis,4000 Chippewa St,"St Louis, MO 63116",63116,"4000 Chippewa St, St Louis, MO 63116"
Saneco Cleaners,Laundry,City of St Louis,4040 S Grand Blvd,"St Louis, MO 63118",63118,"4040 S Grand Blvd, St Louis, MO 63118"
Santa Monica Valet Sho,Laundry,City of St Louis,4101 Alma Ave,"St Louis, MO 63116",63116,"4101 Alma Ave, St Louis, MO 63116"
Soulard Soap Laundromat,Laundry,City of St Louis,1800 S 9th St,"St Louis, MO 63104",63104,"1800 S 9th St, St Louis, MO 63104"
Tiny Bubbles Laundromat,Laundry,City of St Louis,3415 S Grand Blvd,"St Louis, MO 63118",63118,"3415 S Grand Blvd, St Louis, MO 63118"
Tiny Bubbles Laundromat,Laundry,City of St Louis,3458 Miami St,"St Louis, MO 63118",63118,"3458 Miami St, St Louis, MO 63118"
Washateria,Laundry,City of St Louis,2901 Shenandoah Ave,"St Louis, MO 63104",63104,"2901 Shenandoah Ave, St Louis, MO 63104"
Wishy Washy Laundromat,Laundry,City of St Louis,6403 Gravois Ave,"St Louis, MO 63116",63116,"6403 Gravois Ave, St Louis, MO 63116"
141 Liquors-Fine Wines & Spirits,Liquor Store,City of St Louis,Outer Rd,"St Louis, MO 63104",63104,"Outer Rd, St Louis, MO 63104"
"1860 Saloon, Game Room, & Hardshell Café",Liquor Store,City of St Louis,1860 S 9th St,"St Louis, MO 63104",63104,"1860 S 9th St, St Louis, MO 63104"
33 Wine Shop & Bar,Liquor Store,City of St Louis,1913 Park Ave,"St Louis, MO 63104",63104,"1913 Park Ave, St Louis, MO 63104"
4 Hands Brewing Company,Liquor Store,City of St Louis,2831 Cherokee St,"St Louis, MO 63118",63118,"2831 Cherokee St, St Louis, MO 63118"
Alpha Brewery Company,Liquor Store,City of St Louis,4310 Fyler Ave,"St Louis, MO 63116",63116,"4310 Fyler Ave, St Louis, MO 63116"
Anheuser Busch Brewery,Liquor Store,City of St Louis,1127 Pestalozzi St,"St Louis, MO 63118",63118,"1127 Pestalozzi St, St Louis, MO 63118"
Anheuser-Busch Companies,Liquor Store,City of St Louis,Busch Pl,"St Louis, MO 63118",63118,"Busch Pl, St Louis, MO 63118"
Beer Meister of St Louis,Liquor Store,City of St Louis,3120 Lafayette Ave,"St Louis, MO 63104",63104,"3120 Lafayette Ave, St Louis, MO 63104"
Bellwether,Liquor Store,City of St Louis,1419 Carroll St,"St Louis, MO 63104",63104,"1419 Carroll St, St Louis, MO 63104"
Discount Smoke Shop,Liquor Store,City of St Louis,4600 Chippewa St,"St Louis, MO 63116",63116,"4600 Chippewa St, St Louis, MO 63116"
Erato Wine Bar,Liquor Store,City of St Louis,3117 S Grand Blvd,"St Louis, MO 63118",63118,"3117 S Grand Blvd, St Louis, MO 63118"
Internet Wines & Spirits,Liquor Store,City of St Louis,1910 S Jefferson Ave,"St Louis, MO 63104",63104,"1910 S Jefferson Ave, St Louis, MO 63104"
Lohr Distributing,Liquor Store,City of St Louis,1100 S 9th St,"St Louis, MO 63104",63104,"1100 S 9th St, St Louis, MO 63104"
Saint Louis Hop Shop,Liquor Store,City of St Louis,2600 Cherokee St,"St Louis, MO 63118",63118,"2600 Cherokee St, St Louis, MO 63118"
The Porch,Liquor Store,City of St Louis,1700 S 9th St,"St Louis, MO 63104",63104,"1700 S 9th St, St Louis, MO 63104"
Ace Cash Express,Payday Loan,City of St Louis,3655 S Grand Blvd,"St Louis, MO 63118",63118,"3655 S Grand Blvd, St Louis, MO 63118"
Holland & Jefferson Title Financing,Payday Loan,City of St Louis,3741 Virginia Ave,"St Louis, MO 63118",63118,"3741 Virginia Ave, St Louis, MO 63118"
Jefferson Financial Services,Payday Loan,City of St Louis,3351 S Jefferson Ave,"St Louis, MO 63118",63118,"3351 S Jefferson Ave, St Louis, MO 63118"
Lendnation,Payday Loan,City of St Louis,2615 Gravois Ave,"St Louis, MO 63118",63118,"2615 Gravois Ave, St Louis, MO 63118"
Missouri Title Loans,Payday Loan,City of St Louis,1937 Shenandoah Ave,"St Louis, MO 63104",63104,"1937 Shenandoah Ave, St Louis, MO 63104"
Quik Cash,Payday Loan,City of St Louis,2615 Gravois Ave,"St Louis, MO 63118",63118,"2615 Gravois Ave, St Louis, MO 63118"
Titlemax Title Secured Loans,Payday Loan,City of St Louis,2629 Gravois Ave,"St Louis, MO 63118",63118,"2629 Gravois Ave, St Louis, MO 63118"
